phase,query,nasa_id,title,center,date_created,credit,source_page,file,type,description,orig_px,orig_mb
1,cosmic microwave background,PIA18916,Polarization of the Cosmic Microwave Background,JPL,2015-02-05,ESA/Planck Collaboration,https://images.nasa.gov/details/PIA18916,assets/nasa/phase-1/PIA18916.jpg,,"A visualization of the polarization of the Cosmic Microwave Background, or CMB, as detected by ESA Planck satellite over the entire sky.",2400x1200,0.44
1,cosmic microwave background,PIA17449,Planck and the Cosmic Microwave Background Artist Concept,JPL,2013-10-23,ESA and the Planck Collaboration - D. Ducros,https://images.nasa.gov/details/PIA17449,assets/nasa/phase-1/PIA17449.jpg,,"The oldest light in the universe, called the cosmic microwave background, as observed by the Planck space telescope is shown in the oval sky map. An artist concept of Planck is next to the map.",5645x3500,4.40
1,cosmic microwave background,PIA16880,Through the Universe Looking Glass,JPL,2013-03-21,ESA and the Planck Collaboration,https://images.nasa.gov/details/PIA16880,assets/nasa/phase-1/PIA16880.jpg,,"ESA Planck has imaged the most distant light we can observe, called the cosmic microwave background, with unprecedented precision.",640x320,0.04
1,WMAP,PIA16874,The Universe Comes into Sharper Focus,JPL,2013-03-21,NASA/JPL-Caltech/ESA,https://images.nasa.gov/details/PIA16874,assets/nasa/phase-1/PIA16874.jpg,,"This graphic illustrates the evolution of satellites designed to measure ancient light leftover from the big bang that created our universe 13.8 billion years ago; NASA COBE Explorer left and WMAP middle, and ESA Planck right.",3600x2000,0.44
1,Planck microwave sky,PIA16877,Peculiar Features in Patterns of Ancient Light,JPL,2013-03-21,ESA and the Planck Collaboration,https://images.nasa.gov/details/PIA16877,assets/nasa/phase-1/PIA16877.jpg,,"ESA Planck mission has imaged the oldest light in our universe. The top map shows Planck all-sky map of the cosmic microwave background, whereas the bottom map shows the largest-scale features of the map.",3200x1800,0.78
1,timeline of the universe,PIA07142,Baby Galaxies in the Adult Universe,JPL,2004-12-21,NASA/JPL-Caltech,https://images.nasa.gov/details/PIA07142,assets/nasa/phase-1/PIA07142.jpg,,"This artist's conception illustrates the decline in our universe's ""birth-rate"" over time. When the universe was young, massive galaxies were forming regularly, like baby bees in a bustling hive. In time, the universe bore fewer and fewer ""offspring,"" and newborn galaxies (white circles) matured into older ones more like our own Milky Way (spirals). Previously, astronomers thought that the univers",2496x1386,0.19
1,timeline of the universe,NHQ202201080008,James Webb Space Telescope Second Primary Mirror Deployment,HQ,2022-01-08,NASA/Bill Ingalls,https://images.nasa.gov/details/NHQ202201080008,assets/nasa/phase-1/NHQ202201080008.jpg,,"NASA James Webb Space Telescope Timeline Coordinator Andria Hagedorn monitors the progress of the Webb observatory’s second primary mirror wing as it rotates into position, Saturday, Jan. 8, 2022, from NASA’s James Webb Space Telescope Mission Operations Center at the Space Telescope Science Institute in Baltimore. Webb, an infrared telescope with a 21.3-foot (6.5-meter) primary mirror, was folded",6969x5130,19.81
1,timeline of the universe,NHQ202201080028,James Webb Space Telescope Second Primary Mirror Deployment,HQ,2022-01-08,NASA/Bill Ingalls,https://images.nasa.gov/details/NHQ202201080028,assets/nasa/phase-1/NHQ202201080028.jpg,,"NASA James Webb Space Telescope Timeline Coordinator Matt Wasiak monitors the progress of the Webb observatory as it’s second primary mirror wing is prepared to rotate into position, Saturday, Jan. 8, 2022, from NASA’s James Webb Space Telescope Mission Operations Center at the Space Telescope Science Institute in Baltimore. Webb, an infrared telescope with a 21.3-foot (6.5-meter) primary mirror, ",6397x4562,17.75
2,first stars,PIA14875,Cooking up the First Stars,JPL,2011-11-10,NASA/JPL-Caltech/Kyoto Univ.,https://images.nasa.gov/details/PIA14875,assets/nasa/phase-2/PIA14875.jpg,,"Scientists are simulating how the very first stars in our universe were born. The stars we see today formed out of collapsing clouds of gas and dust. In the very early universe, however, the stars had fewer ingredients available.",720x540,0.05
2,first stars,GSFC_20171208_Archive_e000279,Astronomers Find the First 'Wind Nebula' Around a Rare Ultra-Magnetic Neutron Star,GSFC,2017-12-08,NASA,https://images.nasa.gov/details/GSFC_20171208_Archive_e000279,assets/nasa/phase-2/GSFC_20171208_Archive_e000279.jpg,,"Astronomers have discovered a vast cloud of high-energy particles called a wind nebula around a rare ultra-magnetic neutron star, or magnetar, for the first time. The find offers a unique window into the properties, environment and outburst history of magnetars, which are the strongest magnets in the universe. A neutron star is the crushed core of a massive star that ran out of fuel, collapsed und",1041x589,0.04
2,first stars,VAFB-20180913-PH_KLS02_0017,Delta II ICESat-2 Stars on First Stage Booster,KSC,2018-09-13,NASA/Kim Shiflett,https://images.nasa.gov/details/VAFB-20180913-PH_KLS02_0017,assets/nasa/phase-2/VAFB-20180913-PH_KLS02_0017.jpg,,"Stars are in view on the first stage of the United Launch Alliance Delta II rocket at Space Launch Complex 2 at Vandenberg Air Force Base in California, on Sept. 13, 2018. Historically, each Delta rocket used to notate the number of launches within the program, beginning in May, 1960, with the first Delta I. This practice was brought back for the final Delta II launch of ICESat-2. The “381” on the",6720x4480,27.92
2,Webb deep field,NHQ202606050016,Beyond the Deep Field: Hubble’s Legacy and the Future of Cosmi,HQ,2026-06-05,NASA/Aubrey Gemignani,https://images.nasa.gov/details/NHQ202606050016,assets/nasa/phase-2/NHQ202606050016.jpg,,"Senior Project Scientist for the James Webb Space Telescope, Jane Rigby’s socks are seen during an event titled “Beyond the Deep Field: Hubble’s Legacy and the Future of Cosmic Observation,” Friday, June 5, 2026, at the Mary W. Jackson NASA Headquarters building in Washington. Photo Credit: (NASA/Aubrey Gemignani)",7444x5283,21.07
2,Webb deep field,NHQ202207120017,JWST’s First Full-Color Images,HQ,2022-07-12,NASA/Bill Ingalls,https://images.nasa.gov/details/NHQ202207120017,assets/nasa/phase-2/NHQ202207120017.jpg,,"Assistant Director of Science at NASA's Goddard Space Flight Center Michelle Thaller, left, speaks with NASA James Webb Space Telescope Operations Project Scientist Jane Rigby, right, about the Webb Deep Field image as it is shown on screen during a broadcast releasing the telescope’s first full-color images, Tuesday, July 12, 2022, at NASA’s Goddard Space Flight Center in Greenbelt, Md. The first",8256x5243,24.58
2,Webb deep field,NHQ202207120016,JWST’s First Full-Color Images,HQ,2022-07-12,NASA/Bill Ingalls,https://images.nasa.gov/details/NHQ202207120016,assets/nasa/phase-2/NHQ202207120016.jpg,,"Assistant Director of Science at NASA's Goddard Space Flight Center Michelle Thaller, left, speaks with NASA James Webb Space Telescope Operations Project Scientist Jane Rigby, right, about the Webb Deep Field image as it is shown on screen during a broadcast releasing the telescope’s first full-color images, Tuesday, July 12, 2022, at NASA’s Goddard Space Flight Center in Greenbelt, Md. The first",7874x5161,22.30
2,Hubble Ultra Deep Field,hubble-sees-a-legion-of-galaxies_25608651281_o,Swimming in Sculptor,GSFC,2016-03-07,NASA,https://images.nasa.gov/details/hubble-sees-a-legion-of-galaxies_25608651281_o,assets/nasa/phase-2/hubble-sees-a-legion-of-galaxies_25608651281_o.jpg,,"Peering deep into the early Universe, this picturesque parallel field observation from the NASA/ESA Hubble Space Telescope reveals thousands of colourful galaxies swimming in the inky blackness of space. A few foreground stars from our own galaxy, the Milky Way, are also visible. In October 2013 Hubble’s Wide Field Camera 3 (WFC3) and Advanced Camera for Surveys (ACS) began observing this portion ",1280x1225,0.24
2,Hubble Ultra Deep Field,GSFC_20171208_Archive_e001651,Hubble Goes to the eXtreme to Assemble Farthest-Ever View of the Universe,GSFC,2017-12-08,NASA,https://images.nasa.gov/details/GSFC_20171208_Archive_e001651,assets/nasa/phase-2/GSFC_20171208_Archive_e001651.jpg,,"NASA image release September 25, 2012 Like photographers assembling a portfolio of best shots, astronomers have assembled a new, improved portrait of mankind's deepest-ever view of the universe. Called the eXtreme Deep Field, or XDF, the photo was assembled by combining 10 years of NASA Hubble Space Telescope photographs taken of a patch of sky at the center of the original Hubble Ultra Deep Field",2382x2078,0.81
2,Hubble Ultra Deep Field,GSFC_20171208_Archive_e000394,Hubble Sees a Legion of Galaxies,GSFC,2017-12-08,NASA,https://images.nasa.gov/details/GSFC_20171208_Archive_e000394,assets/nasa/phase-2/GSFC_20171208_Archive_e000394.jpg,,"Peering deep into the early universe, this picturesque parallel field observation from the NASA/ESA Hubble Space Telescope reveals thousands of colorful galaxies swimming in the inky blackness of space. A few foreground stars from our own galaxy, the Milky Way, are also visible. In October 2013 Hubble’s Wide Field Camera 3 (WFC3) and Advanced Camera for Surveys (ACS) began observing this portion o",1280x1225,0.24
2,Cassiopeia A,PIA03519,Cassiopeia A: Death Becomes Her,JPL,2005-06-10,NASA/JPL-Caltech/STScI/CXC/SAO<br /> Animation: NASA/JPL-Caltech/Univ. of Ariz./STScI/CXC/SAO ,https://images.nasa.gov/details/PIA03519,assets/nasa/phase-2/PIA03519.jpg,,"This false-color image from three of NASA Great Observatories provides one example of a star that died in a fiery supernova blast. Called Cassiopeia A, this supernova remnant is located 10,000 light-years away in the constellation Cassiopeia.",1835x1348,0.27
2,Cassiopeia A,PIA17842,The Case of Missing Iron in Cassiopeia A,JPL,2014-02-19,NASA/JPL-Caltech/CXC/SAO,https://images.nasa.gov/details/PIA17842,assets/nasa/phase-2/PIA17842.jpg,,"When astronomers first looked at images of a supernova remnant called Cassiopeia A, captured by NASA NuSTAR. The mystery of Cassiopeia A Cas A, a massive star that exploded in a supernova more than 11,000 years ago continues to confound scientists.",2048x1024,0.09
2,Cassiopeia A,PIA16606,Sizzling Remains of a Dead Star,JPL,2013-01-07,NASA/JPL-Caltech/DSS,https://images.nasa.gov/details/PIA16606,assets/nasa/phase-2/PIA16606.jpg,,"This new view of the historical supernova remnant Cassiopeia A, located 11,000 light-years away, was taken by NASA Nuclear Spectroscopic Telescope Array, or NuSTAR. While the star is long dead, its remains are still bursting with action.",2200x2200,0.41
2,Crab Nebula,PIA03606,Most Detailed Image of the Crab Nebula,JPL,2005-12-01,NASA/ESA/JPL/Arizona State Univ.,https://images.nasa.gov/details/PIA03606,assets/nasa/phase-2/PIA03606.jpg,,The Crab Nebula is one of the most intricately structured and highly dynamical objects ever observed. The new Hubble image of the Crab was assembled from 24 individual exposures taken with the NASA/ESA Hubble Space Telescope,3864x3864,1.93
2,Crab Nebula,GSFC_20171208_Archive_e000053,Observatories Combine to Crack Open the Crab Nebula,GSFC,2017-12-08,NASA,https://images.nasa.gov/details/GSFC_20171208_Archive_e000053,assets/nasa/phase-2/GSFC_20171208_Archive_e000053.png,,"Astronomers have produced a highly detailed image of the Crab Nebula, by combining data from telescopes spanning nearly the entire breadth of the electromagnetic spectrum, from radio waves seen by the Karl G. Jansky Very Large Array (VLA) to the powerful X-ray glow as seen by the orbiting Chandra X-ray Observatory. And, in between that range of wavelengths, the Hubble Space Telescope's crisp visib",5290x5290,24.61
2,Crab Nebula,GSFC_20171208_Archive_e000054,Observatories Combine to Crack Open the Crab Nebula,GSFC,2017-12-08,NASA,https://images.nasa.gov/details/GSFC_20171208_Archive_e000054,assets/nasa/phase-2/GSFC_20171208_Archive_e000054.jpg,,"Astronomers have produced a highly detailed image of the Crab Nebula, by combining data from telescopes spanning nearly the entire breadth of the electromagnetic spectrum, from radio waves seen by the Karl G. Jansky Very Large Array (VLA) to the powerful X-ray glow as seen by the orbiting Chandra X-ray Observatory. And, in between that range of wavelengths, the Hubble Space Telescope's crisp visib",1920x1080,0.12
3,Milky Way,PIA18913,Milky Way Untangled,JPL,2015-02-05,ESA/NASA/JPL-Caltech,https://images.nasa.gov/details/PIA18913,assets/nasa/phase-3/PIA18913.jpg,,"A new, dynamic portrait of our Milky Way galaxy shows a frenzy of gas, charged particles and dust as seen by the European Space Agency Planck mission.",6000x6000,2.40
3,Milky Way,PIA24576,A Break in the Milky Way's Sagittarius Arm,JPL,2021-08-17,NASA/JPL-Caltech,https://images.nasa.gov/details/PIA24576,assets/nasa/phase-3/PIA24576.jpg,,"A contingent of young stars and star-forming gas clouds is sticking out of one of the Milky Way's spiral arms like a splinter protruding from a plank of wood. Stretching some 3,000 light-years, this is the first major structure identified with such a dramatically different orientation relative to the arm. The background image shows the location of the splinter in the Milky Way. The yellow region i",4800x2700,0.90
3,Milky Way,PIA24571,Star Map of the Milky Way's Outer Halo,JPL,2021-04-21,NASA/ESA/JPL-Caltech/Conroy et. al. 2021,https://images.nasa.gov/details/PIA24571,assets/nasa/phase-3/PIA24571.jpg,,"Images of the Milky Way and the Large Magellanic Cloud (LMC) are overlaid on a map of the surrounding area, our galaxy's galactic halo. Dark blue represents a low concentration of stars; lighter blues indicate increasing stellar density. The map spans from about 200,000 light-years to 325,000 light-years from the galactic center and provides the first clear view of the major features in this regio",3840x2160,1.12
3,spiral galaxy Webb,webb_first_deep_field,Webb_first_deep_field_SMACS_0723,STScI,2022-07-12,NASA ESA CSA STScI,https://images.nasa.gov/details/webb_first_deep_field,assets/nasa/phase-3/webb_first_deep_field.png,,"Thousands of galaxies flood this near-infrared image of galaxy cluster SMACS 0723. High-resolution imaging from NASA’s James Webb Space Telescope combined with a natural effect known as gravitational lensing made this finely detailed image possible. First, focus on the galaxies responsible for the lensing: the bright white elliptical galaxy at the center of the image and smaller white galaxies thr",1960x2000,5.79
3,spiral galaxy Webb,GSFC_20171208_Archive_e000162,James Webb Space Telescope Mirrors Will Piece Together Cosmic Puzzles,GSFC,2017-12-08,NASA,https://images.nasa.gov/details/GSFC_20171208_Archive_e000162,assets/nasa/phase-3/GSFC_20171208_Archive_e000162.jpg,,"The primary mirror of NASA's James Webb Space Telescope consisting of 18 hexagonal mirrors looks like a giant puzzle piece standing in the massive clean room of NASA's Goddard Space Flight Center in Greenbelt, Maryland. Appropriately, combined with the rest of the observatory, the mirrors will help piece together puzzles scientists have been trying to solve throughout the cosmos. Webb's primary mi",2557x3833,1.16
3,spiral galaxy Webb,GSFC_20171208_Archive_e001935,The Two-faced Whirlpool Galaxy,GSFC,2017-12-08,NASA,https://images.nasa.gov/details/GSFC_20171208_Archive_e001935,assets/nasa/phase-3/GSFC_20171208_Archive_e001935.jpg,,"NASA image release January 13, 2011 <b><a href=""http://www.flickr.com/photos/gsfc/5352962836"">These images</a></b> by NASA's Hubble Space Telescope show off two dramatically different face-on views of the spiral galaxy M51, dubbed the Whirlpool Galaxy. <b><a href=""http://www.flickr.com/photos/gsfc/5352955200/"">The image here,</a></b> taken in visible light, highlights the attributes of a typical s",2685x3617,14.89
3,galaxy formation,PIA17554,Galaxies Grow from Inside Out,JPL,2013-10-31,NASA/JPL-Caltech,https://images.nasa.gov/details/PIA17554,assets/nasa/phase-3/PIA17554.jpg,,"Evidence from NASA Wide-field Infrared Survey Explorer and Galaxy Evolution Explorer missions provide support for the inside-out theory of galaxy evolution, which holds that star formation starts at the core of the galaxy and spreads outward.",1302x818,0.04
3,galaxy formation,PIA15421,The Action-Packed Centaurus A,JPL,2012-04-04,"ESA/Herschel/PACS/SPIRE/C.D. Wilson, MacMaster University, Canada",https://images.nasa.gov/details/PIA15421,assets/nasa/phase-3/PIA15421.jpg,,This parallelogram shaped region of dust observed by ESA Herschel Space telescope can be best described using galaxy formation models where a flat spiral galaxy collides with an elliptical galaxy becoming warped in the process.,934x956,0.03
3,galaxy formation,PIA08696,An Unwelcome Place for New Stars artist concept,JPL,2006-08-23,NASA/JPL-Caltech,https://images.nasa.gov/details/PIA08696,assets/nasa/phase-3/PIA08696.jpg,,This artist concept depicts a supermassive black hole at the center of a galaxy. NASA Galaxy Evolution Explorer found evidence that black holes once they grow to a critical size stifle the formation of new stars in elliptical galaxies.,3000x2400,1.47
4,protoplanetary disk,PIA20645,Protoplanetary Disk Artist Concept,JPL,2016-04-26,NASA/JPL-Caltech,https://images.nasa.gov/details/PIA20645,assets/nasa/phase-4/PIA20645.jpg,,This illustration shows a star surrounded by a protoplanetary disk.,3840x2160,0.63
4,protoplanetary disk,PIA01319,A Star Close Encounter,JPL,2006-10-03,NASA/JPL-Caltech/Univ. of Ariz./Univ. of Szeged,https://images.nasa.gov/details/PIA01319,assets/nasa/phase-4/PIA01319.jpg,,"The potential planet-forming disk (or ""protoplanetary disk"") of a sun-like star is being violently ripped away by the powerful winds of a nearby hot O-type star in this image from NASA's Spitzer Space Telescope. At up to 100 times the mass of sun-like stars, O stars are the most massive and energetic stars in the universe. The O star can be seen to the right of the image, as the large orange spot ",1500x558,0.05
4,protoplanetary disk,jsc2026e034366,jsc2026e034366,JSC,2026-04-28,NASA,https://images.nasa.gov/details/jsc2026e034366,assets/nasa/phase-4/jsc2026e034366.jpg,,"jsc2026e034366 (April 28, 2026) --- Examples of astronomical images of protoplanetary disks, phenomena that may be better understood via Laplace testing. Laplace studies two phenomena: the evolution and growth of dust aggregates in proto-planetary disks and the fundamental aspects of gas and particle transport phenomena in dust clouds. Laplace allows particles to move independent of their size and",1800x600,0.09
4,planet formation,PIA16212,Scenarios for the Evolution of Asteroid Belts,JPL,2012-11-01,NASA/ESA/STScI,https://images.nasa.gov/details/PIA16212,assets/nasa/phase-4/PIA16212.jpg,,"This illustration shows three possible scenarios for the evolution of asteroid belts. At the top, a Jupiter-size planet migrates through the asteroid belt, scattering material and inhibiting the formation of life on planets.",2100x2429,0.62
4,planet formation,PIA03048,Sowing the Seeds of Planets? Artist Concept,JPL,2005-10-20,NASA/JPL-Caltech,https://images.nasa.gov/details/PIA03048,assets/nasa/phase-4/PIA03048.jpg,,"This artist concept shows microscopic crystals in the dusty disk surrounding a brown dwarf, or failed star. The crystals, made up of a green mineral found on Earth called olivine, are thought to help seed the formation of planets.",3000x2400,0.31
4,planet formation,PIA16078,Mars Interior Artist Concept,JPL,2012-08-20,JPL/NASA,https://images.nasa.gov/details/PIA16078,assets/nasa/phase-4/PIA16078.jpg,,"Artist rendition of the formation of rocky bodies in the solar system -- how they form and differentiate and evolve into terrestrial planets. Note: After thorough examination, NASA managers have decided to suspend the planned March 2016 launch of the Interior Exploration using Seismic Investigations Geodesy and Heat Transport (InSight) mission. The decision follows unsuccessful attempts to repair ",5760x6220,1.60
4,Moon formation impact,PIA14667,Lumpy Janus,JPL,2013-07-01,NASA/JPL-Caltech/Space Science Institute,https://images.nasa.gov/details/PIA14667,assets/nasa/phase-4/PIA14667.jpg,,"The Cassini spacecraft catches a glimpse of Janus, an irregularly shaped moon. Lacking sufficient gravity to pull itself into a round shape, Janus has had its lumpy primordial shape only slightly modified by impacts since its formation.",542x542,0.01
4,Moon formation impact,ARC-1965-A-33996,ARC-1965-A-33996,ARC,1965-02-17,Gaeton Faraone,https://images.nasa.gov/details/ARC-1965-A-33996,assets/nasa/phase-4/ARC-1965-A-33996.jpg,,30 calibabor Vertical Gun Range in horizontal loading position. Dr. William Quaide and Donald Gault of Ames planetology branch used this gun range to study the formation of impact craters on the Moon. N-204A Verticle Gun is used to simulate the physics and mechanics of planetaryimpact cratering phenomena.,2048x3072,3.62
4,Moon formation impact,art002e012273,Swoon at the Moon,JSC,2026-04-06,NASA,https://images.nasa.gov/details/art002e012273,assets/nasa/phase-4/art002e012273.jpg,,"art002e012273 (April 6, 2026) - This view of the southwest portion of Orientale Basin highlights its prominent annular ring—a sweeping arc of mountainous terrain formed by the immense energy of an ancient impact. The ring structure rises above the surrounding surface, tracing the basin’s outer boundary and revealing the layered, multi-ring nature of one of the Moon’s most well-preserved impact fea",5568x3712,2.08
4,early solar system,PIA14112,Relative Positions of Distant Spacecraft,JPL,2011-04-29,NASA/JPL-Caltech,https://images.nasa.gov/details/PIA14112,assets/nasa/phase-4/PIA14112.jpg,,"This graphic shows the relative positions of NASA most distant spacecraft in early 2011, looking at the solar system from the side. Voyager 1 is the most distant spacecraft, 10.9 billion miles away from the sun at a northward angle.",2160x1152,0.12
4,early solar system,PIA09967,Water Early Journey in a Solar System Artist Concept,JPL,2007-08-29,NASA/JPL-Caltech,https://images.nasa.gov/details/PIA09967,assets/nasa/phase-4/PIA09967.jpg,,"NASA Spitzer Space Telescope observed a fledgling solar system like the one depicted in this artist concept, and discovered deep within it enough water vapor to fill the oceans on Earth five times.",3200x2400,0.34
4,early solar system,GSFC_20160908_2016-17905_015,OSIRIS-REx Launch Event at Goddard Visitor Center. NASA's first ,GSFC,2016-09-08,NASA/GSFC/Bill Hrybyk,https://images.nasa.gov/details/GSFC_20160908_2016-17905_015,assets/nasa/phase-4/GSFC_20160908_2016-17905_015.jpg,,OSIRIS-REx Launch Event at Goddard Visitor Center. NASA's first asteroid sampling mission launched into space at 7:05 p.m. EDT Thursday from Cape Canaveral Air Force Station in Florida beginning a journey that could revolutionize our understanding of the early solar system. Lucy McFadden,3300x2550,4.75
5,Earth atmosphere limb,sts052-15-007,Sunset,JSC,1992-11-01,NASA,https://images.nasa.gov/details/sts052-15-007,assets/nasa/phase-5/sts052-15-007.jpg,,"This cross section of the Earth's atmosphere at sunset and earth limb (24.5S, 43.5E) displays an unusual layering believed to be caused by temperature inversions which effectively concentrate smoke, dust and aerosols into narrow layers. the top of the stratosphere can be seen as the top of the white layer thought to contain volcanic debris. The purple layer is the troposphere containing smoke from",3997x2608,0.81
5,Earth atmosphere limb,STS052-23-022,"Sunrise, Earth Limb",JSC,1992-11-01,NASA,https://images.nasa.gov/details/STS052-23-022,assets/nasa/phase-5/STS052-23-022.jpg,,"STS052-23-022 (22 Oct.-1 Nov. 1992) --- As the Space Shuttle Columbia orbited Earth in an easterly direction over the Indian Ocean, moonrise was followed quickly by sunrise. The photograph was taken from an altitude of 285 kilometers (154 nautical miles), over Lake Tanganyika in central Africa. The Sun was still 28 degrees below the horizon and not yet illuminating the dark band of low-level cloud",4096x2658,2.41
5,Earth atmosphere limb,PIA01052,"Microwave Limb Sounder/El Niño Watch - Water Vapor Measurement, October, 1997",JPL,1997-10-30,NASA/JPL,https://images.nasa.gov/details/PIA01052,assets/nasa/phase-5/PIA01052.jpg,,"This image shows atmospheric water vapor in Earth upper troposphere, about 10 kilometers 6 miles above the surface, as measured by NASA Microwave Limb Sounder MLS instrument flying aboard the Upper Atmosphere Research Satellite.",1517x1645,0.23
5,airglow,iss035e012143,Earth Airglow Observations taken by the Expedition 35 Crew,JSC,2013-03-27,Chris Hadfield,https://images.nasa.gov/details/iss035e012143,assets/nasa/phase-5/iss035e012143.jpg,,Earth airglow observation taken by the Expedition 35 crew aboard the ISS. The Canadarm2 Space Station Remote Manipulator System (SSRMS) and other portions of the ISS are in view.,4256x2832,0.59
5,airglow,GSFC_20171208_Archive_e001596,Waves in Airglow,GSFC,2017-12-08,NASA,https://images.nasa.gov/details/GSFC_20171208_Archive_e001596,assets/nasa/phase-5/GSFC_20171208_Archive_e001596.jpg,,"In April 2012, waves in Earth’s “airglow” spread across the nighttime skies of northern Texas like ripples in a pond. In this case, the waves were provoked by a massive thunderstorm. Airglow is a layer of nighttime light emissions caused by chemical reactions high in Earth’s atmosphere. A variety of reactions involving oxygen, sodium, ozone and nitrogen result in the production of a very faint amo",1442x480,0.17
5,airglow,iss039e001440,Lunar Observations taken by the Expedition 39 Crew,JSC,2014-03-14,Rick Mastracchio,https://images.nasa.gov/details/iss039e001440,assets/nasa/phase-5/iss039e001440.jpg,,Lunar observation taken during moonset by the Expedition 39 crew aboard the ISS. Earth airglow is in view. Image was released by astronaut on Twitter.,4288x2848,0.86
5,early Earth,GSFC_20171208_Archive_e000888,BENNU’S JOURNEY - Early Earth,GSFC,2017-12-08,NASA,https://images.nasa.gov/details/GSFC_20171208_Archive_e000888,assets/nasa/phase-5/GSFC_20171208_Archive_e000888.jpg,,This is an artist's concept of the young Earth being bombarded by asteroids. Scientists think these impacts could have delivered significant amounts of organic matter and water to Earth. Image Credit: NASA's Goddard Space Flight Center Conceptual Image Lab The Origins Spectral Interpretation Resource Identification Security -- Regolith Explorer spacecraft (OSIRIS-REx) will travel to a near-Earth a,5760x2160,5.85
5,early Earth,201408200006HQ,"Ancient Earth, Alien Earths Event",HQ,2014-08-20,NASA/Aubrey Gemignani,https://images.nasa.gov/details/201408200006HQ,assets/nasa/phase-5/201408200006HQ.tif,,"Dr. Phoebe Cohen, Professor of Geosciences, Williams College, speaks on a panel at the “Ancient Earth, Alien Earths” Event at NASA Headquarters in Washington, DC Wednesday, August 20, 2014. The event was sponsored by NASA, the National Science Foundation (NSF), and the Smithsonian Institution and was moderated by Dr. David H. Grinspoon, Senior Scientist at the Planetary Science Institute. Six scie",2432x3121,9.41
5,early Earth,201408200008HQ,"Ancient Earth, Alien Earths Event",HQ,2014-08-20,NASA/Aubrey Gemignani,https://images.nasa.gov/details/201408200008HQ,assets/nasa/phase-5/201408200008HQ.tif,,"Dr. Christopher House, Professor of Geosciences, Pennsylvania State University, speaks on a panel at the “Ancient Earth, Alien Earths” Event at NASA Headquarters in Washington, DC Wednesday, August 20, 2014. The event was sponsored by NASA, the National Science Foundation (NSF), and the Smithsonian Institution and was moderated by Dr. David H. Grinspoon, Senior Scientist at the Planetary Science I",4928x3280,21.37
5,stromatolites,PIA24240,Tumbiana Stromatolite,JPL,2021-02-17,NASA/JPL-Caltech,https://images.nasa.gov/details/PIA24240,assets/nasa/phase-5/PIA24240.jpg,,"This image shows the finely layered internal structure of a stromatolite sample, with a U.S. penny for scale. This stromatolite formed about 2.7 billion years ago and was collected from an ancient lake environment preserved in the Tumbiana Formation, a succession of clastic and carbonate rocks outcropping along the southern margin of the Pilbara Craton in Western Australia. The view here is top do",6000x4000,3.09
5,stromatolites,PIA23779,Stromatolites in the Nevada Desert,JPL,2020-05-06,NASA/JPL-Caltech,https://images.nasa.gov/details/PIA23779,assets/nasa/phase-5/PIA23779.jpg,,"Made from fossilized microbes and sediment, these rounded rocks are stromatolites that were found in a dry lakebed during the field exercise. Scientists hope to find something similar in the dry lakebed Perseverance will be exploring on Mars. https://photojournal.jpl.nasa.gov/catalog/PIA23779",3840x2160,0.90
5,stromatolites,PIA23551,Researching Outback Stromatolites,JPL,2019-11-15,NASA/JPL-Caltech,https://images.nasa.gov/details/PIA23551,assets/nasa/phase-5/PIA23551.jpg,,"Scientists from NASA's Mars 2020 and ESA's ExoMars projects study stromatolites, the oldest confirmed fossilized lifeforms on Earth, in the Pilbara region of North West Australia. The image was taken on Aug. 19, 2019. https://photojournal.jpl.nasa.gov/catalog/PIA23551",4032x3024,2.43
6,plate tectonics,PIA18428,Plate Tectonics on Europa,JPL,2014-09-08,"NASA/Noah Kroese, I.NK",https://images.nasa.gov/details/PIA18428,assets/nasa/phase-6/PIA18428.jpg,,Scientists have found evidence of plate tectonics on Jupiter moon Europa. This conceptual illustration of the subduction process.,4519x2810,0.56
6,plate tectonics,PIA06662,"New Zealand, SRTM Shaded Relief and Colored Height",JPL,2004-12-14,NASA/JPL/NGA,https://images.nasa.gov/details/PIA06662,assets/nasa/phase-6/PIA06662.jpg,,"New Zealand straddles the juncture of the Indo-Australian and Pacific tectonic plates, two of Earth major crustal plates.",4500x5800,1.28
6,plate tectonics,PIA14979,NASA Images Topography of Quake-Stricken Eastern Turkey,JPL,2011-10-25,"NASA/GSFC/METI/ERSDAC/JAROS, and U.S./Japan ASTER Science Team",https://images.nasa.gov/details/PIA14979,assets/nasa/phase-6/PIA14979.jpg,,"On Oct. 23, 2011, a magnitude 7.2 earthquake struck eastern Turkey, near the city of Van, the result of the collision between the Arabian and Eurasian tectonic plates. Turkey is a tectonically active country, experiencing frequent devastating earthquakes.",1482x1298,0.53
6,Chicxulub,PIA03380,"Anaglyph, Yucatan Peninsula, Mexico",JPL,2003-03-06,NASA/JPL,https://images.nasa.gov/details/PIA03380,assets/nasa/phase-6/PIA03380.jpg,,"This anaglyph of Mexico Yucatan Peninsula was generated from NASA Shuttle Radar Topography Mission data, and shows a subtle but distinctive indication of the Chicxulub impact crater. 3D glasses are necessary to view this image.",1600x1080,0.37
6,Chicxulub,PIA03379,"Shaded Relief with Height as Color, Yucatan Peninsula, Mexico",JPL,2003-03-06,NASA/JPL,https://images.nasa.gov/details/PIA03379,assets/nasa/phase-6/PIA03379.jpg,,"This shaded relief image of Mexico Yucatan Peninsula show a subtle, but unmistakable, indication of the Chicxulub impact crater. Most scientists now agree that this impact was the cause of the Cretatious-Tertiary Extinction.",18001x11438,50.01
6,Chicxulub,PIA03381,"Shaded Relief with Height as Color and Landsat, Yucatan Peninsula, Mexico",JPL,2003-03-06,NASA/JPL,https://images.nasa.gov/details/PIA03381,assets/nasa/phase-6/PIA03381.jpg,,"The top picture is a shaded relief image of the northwest corner of Mexico Yucatan Peninsula generated from NASA Shuttle Radar Topography Mission SRTM data, and shows a subtle, but unmistakable, indication of the Chicxulub impact crater.",3010x3416,2.55
6,Snowball Earth,GSFC_20171208_Archive_e001322,Comet ISON Passes Through Virgo,GSFC,2017-12-08,NASA,https://images.nasa.gov/details/GSFC_20171208_Archive_e001322,assets/nasa/phase-6/GSFC_20171208_Archive_e001322.jpg,,"Date: 8 Nov 2013 - Comet ISON shines in this five-minute exposure taken at NASA's Marshall Space Flight Center on Nov. 8, 2013.. The image was captured using a color CCD camera attached to a 14&quot; telescope located at Marshall. At the time of this picture, comet ISON was 97 million miles from Earth, moving ever closer toward the sun. Credit: NASA/MSFC/Aaron Kingery -------- More details on Come",3352x2532,3.64
6,Snowball Earth,GSFC_20171208_Archive_e002091,Hubble Catches Jupiter's Largest Moon Going to the 'Dark Side',GSFC,2017-12-08,NASA,https://images.nasa.gov/details/GSFC_20171208_Archive_e002091,assets/nasa/phase-6/GSFC_20171208_Archive_e002091.jpg,,"Hubble Catches Jupiter's Largest Moon Going to the 'Dark Side' HST/WFPC2 Image of Jupiter and Ganymede Taken April 9, 2007 NASA's Hubble Space Telescope has caught Jupiter's moon Ganymede playing a game of &quot;peek-a-boo.&quot; In this crisp Hubble image, Ganymede is shown just before it ducks behind the giant planet. Ganymede completes an orbit around Jupiter every seven days. Because Ganymede'",1162x798,0.42
6,Snowball Earth,GSFC_20171208_Archive_e001320,Comet ISON Enhanced,GSFC,2017-12-08,NASA,https://images.nasa.gov/details/GSFC_20171208_Archive_e001320,assets/nasa/phase-6/GSFC_20171208_Archive_e001320.jpg,,"Taken on 19 Nov. 2013, this image shows a composite &quot;stacked&quot; image of comet ISON. These five stacked images of 10 seconds each were taken with the 20&quot; Marshall Space Flight Center telescope in New Mexico. This technique allows the comet's sweeping tail to emerge with more detail. Credit: NASA/MSFC/MEO/Cameron McCarty -------- More details on Comet ISON: Comet ISON began its trip fr",1024x1024,0.19
6,Earth from space,sl4-143-4707,View of Skylab space station cluster in Earth orbit from CSM,JSC,1974-02-08,NASA,https://images.nasa.gov/details/sl4-143-4707,assets/nasa/phase-6/sl4-143-4707.jpg,,SL4-143-4707 (8 Feb. 1974) --- An overhead view of the Skylab space station cluster in Earth orbit as photographed from the Skylab 4 Command and Service Modules (CSM) during the final fly-around by the CSM before returning home. The space station is contrasted against a cloud-covered Earth. Note the solar shield which was deployed by the second crew of Skylab and from which a micrometeoroid shield,3890x3844,2.32
6,Earth from space,sl4-143-4706,View of Skylab space station cluster in Earth orbit from CSM,JSC,2008-08-18,NASA,https://images.nasa.gov/details/sl4-143-4706,assets/nasa/phase-6/sl4-143-4706.jpg,,SL4-143-4706 (8 Feb. 1974) --- An overhead view of the Skylab space station cluster in Earth orbit as photographed from the Skylab 4 Command and Service Modules (CSM) during the final fly-around by the CSM before returning home. The space station is contrasted against a cloud-covered Earth. Note the solar shield which was deployed by the second crew of Skylab and from which a micro meteoroid shiel,3856x3870,2.22
6,Earth from space,GSFC_20171208_Archive_e001282,NASA Google+ Hangout: 'Earthrise' A New Visualization - 45th Anniversary of Apollo 8 Viewing Earth from Space,GSFC,2017-12-08,NASA,https://images.nasa.gov/details/GSFC_20171208_Archive_e001282,assets/nasa/phase-6/GSFC_20171208_Archive_e001282.jpg,,"<b>Join NASA's Google+ Hangout on Friday, December 20th 2:00 - 3:00 PM (EST) at <a href=""http://go.nasa.gov/18S2TbC"" rel=""nofollow"">go.nasa.gov/18S2TbC</a> </b> It was 45 years ago, on December 24, 1968 when Apollo 8 astronauts captured 'Earthrise' – the first color photograph of Earth taken by a person in lunar orbit. NASA announces a new simulation of the events leading to the creation of 'Earth",1280x720,0.05
