phase,slug,title,source_page,file_url,orig_px,orig_mb,credit_verbatim,licence_verbatim,type,notes,verdict,review_note
2,first-stars-ill-1,Cooking up the First Stars,https://images.nasa.gov/details/PIA14875,https://images-assets.nasa.gov/image/PIA14875/PIA14875~orig.jpg,720x540,0.05,NASA/JPL-Caltech/Kyoto Univ.,,SIM,"Candidate 1 of 2 (NASA Image Library; no ESA/Webb first-stars illustration found). Only 720x540. licence_verbatim empty: no licence field in the NASA Image Library API, and the usage-guideline pages (images.nasa.gov, www.nasa.gov, www.jpl.nasa.gov) are blocked here. credit_verbatim is the API metadata field secondary_creator.",reject,"Same file as PIA14875 (labelled first-star simulation, 720x540), already listed in review/credits.csv. Not an illustration."
2,first-stars-ill-2,Stars Spring up Out of the Darkness  Artist Concept,https://images.nasa.gov/details/PIA09099,https://images-assets.nasa.gov/image/PIA09099/PIA09099~orig.jpg,644x481,0.03,NASA/JPL-Caltech,,ILL,"Candidate 2 of 2. Only 644x481; described as a still from an artist animation. licence_verbatim empty: no licence field in the NASA Image Library API, and the usage-guideline pages (images.nasa.gov, www.nasa.gov, www.jpl.nasa.gov) are blocked here. credit_verbatim is the API metadata field secondary_creator.",alt,"PIA09099 'Stars spring up out of the darkness': the right subject, but only 644x481. Style reference only; a usable first-stars image is still missing."
2,pillars-nircam,"Webb Takes a Stunning, Star-Filled Portrait of the Pillars of Creation (Full View)",https://esawebb.org/images/weic2216b/,https://cdn.esawebb.org/archives/images/large/weic2216b.jpg,8423x14589,31.77,"NASA, ESA, CSA, STScI; J. DePasquale, A. Koekemoer, A. Pagan (STScI).","Unless explicitly stated otherwise, all the images and videos on ESAWebb.org are available for use without prior permission and without charge. You must however include a credit — the credit required for each image or video is listed underneath each respective image/video caption. Each image or video has its own credit line that is required. ESA/Webb images, videos and web texts are released under the Creative Commons Attribution 4.0 International license and may on a non-exclusive basis be reproduced without fee provided they are clearly and visibly credited.",OBS,"ESA/Webb id weic2216b; Large JPEG (full size), fetched via esawebb.org/media/ because cdn.esawebb.org is blocked. licence_verbatim is from https://esawebb.org/copyright/ (the image page links there; no per-image exception found).",keep,"Pillars of Creation, Webb NIRCam, 8423x14589 portrait. Star birth today as a stand-in for star birth then; needs a vertical pan in 16:9."
2,webb-cas-a,Cassiopeia A (MIRI Image),https://esawebb.org/images/weic2311a/,https://cdn.esawebb.org/archives/images/large/weic2311a.jpg,4008x4009,2.28,"NASA, ESA, CSA, D. Milisavljevic (Purdue University), T. Temim (Princeton University), I. De Looze (UGent), J. DePasquale (STScI)","Unless explicitly stated otherwise, all the images and videos on ESAWebb.org are available for use without prior permission and without charge. You must however include a credit — the credit required for each image or video is listed underneath each respective image/video caption. Each image or video has its own credit line that is required. ESA/Webb images, videos and web texts are released under the Creative Commons Attribution 4.0 International license and may on a non-exclusive basis be reproduced without fee provided they are clearly and visibly credited.",OBS,"ESA/Webb id weic2311a; Large JPEG (full size), fetched via esawebb.org/media/ because cdn.esawebb.org is blocked. licence_verbatim is from https://esawebb.org/copyright/ (the image page links there; no per-image exception found).",keep,"Webb MIRI Cassiopeia A (2023), 4008px. Sharper hero than PIA03519. Image is a rotated square with black corners: crop or frame for 16:9."
2,webb-crab,The Crab Nebula,https://esawebb.org/images/weic2326a/,https://cdn.esawebb.org/archives/images/large/weic2326a.jpg,10509x9151,21.04,"NASA, ESA, CSA, STScI, T. Temim (Princeton University)","Unless explicitly stated otherwise, all the images and videos on ESAWebb.org are available for use without prior permission and without charge. You must however include a credit — the credit required for each image or video is listed underneath each respective image/video caption. Each image or video has its own credit line that is required. ESA/Webb images, videos and web texts are released under the Creative Commons Attribution 4.0 International license and may on a non-exclusive basis be reproduced without fee provided they are clearly and visibly credited.",OBS,"ESA/Webb id weic2326a; Large JPEG (full size), fetched via esawebb.org/media/ because cdn.esawebb.org is blocked. licence_verbatim is from https://esawebb.org/copyright/ (the image page links there; no per-image exception found).",keep,"Webb Crab Nebula (2023), 10509px. Fills the frame; strong supernova-remnant shot."
2,webb-deep-field-full,Webb’s First Deep Field (NIRCam Image),https://esawebb.org/images/weic2209a/,https://cdn.esawebb.org/archives/images/large/weic2209a.jpg,4537x4630,4.33,"NASA, ESA, CSA, and STScI","Unless explicitly stated otherwise, all the images and videos on ESAWebb.org are available for use without prior permission and without charge. You must however include a credit — the credit required for each image or video is listed underneath each respective image/video caption. Each image or video has its own credit line that is required. ESA/Webb images, videos and web texts are released under the Creative Commons Attribution 4.0 International license and may on a non-exclusive basis be reproduced without fee provided they are clearly and visibly credited.",OBS,"ESA/Webb id weic2209a; Large JPEG (full size), fetched via esawebb.org/media/ because cdn.esawebb.org is blocked. licence_verbatim is from https://esawebb.org/copyright/ (the image page links there; no per-image exception found).",keep,Webb's First Deep Field at 4537px (ESA/Webb weic2209a). Replaces the 1960px NASA-library copy. Phase 2 hero for early galaxies.
3,gaia-sky,The colour of the sky from Gaia's Early Data Release 3 (+ equirectangular),https://sci.esa.int/web/gaia/-/the-colour-of-the-sky-from-gaia-s-early-data-release-3,,,,,,,SKIPPED: sci.esa.int blocked (proxy 403).,not fetched,Host blocked in the helper's environment; see notes.
3,milky-way-ill,Our Milky Way Gets a Makeover  Artist Concept,https://images.nasa.gov/details/PIA10748,https://images-assets.nasa.gov/image/PIA10748/PIA10748~orig.jpg,5600x5600,2.06,NASA/JPL-Caltech,,ILL,"PIA10748 (2008); API credit names NASA/JPL-Caltech, R. Hurt not named in metadata. Annotation status to be checked by eye. licence_verbatim empty: no licence field in the NASA Image Library API, and the usage-guideline pages (images.nasa.gov, www.nasa.gov, www.jpl.nasa.gov) are blocked here. credit_verbatim is the API metadata field secondary_creator.",keep,"PIA10748 face-on Milky Way, no annotations, 5600px. Phase 3 hero illustration. Usual full credit is NASA/JPL-Caltech/R. Hurt (SSC-Caltech); metadata lists NASA/JPL-Caltech only, so confirm."
3,phantom-galaxy,Webb Inspects the Heart of the Phantom Galaxy,https://esawebb.org/images/potm2208a/,https://cdn.esawebb.org/archives/images/large/potm2208a.jpg,1977x1130,1.09,"ESA/Webb, NASA & CSA, J. Lee and the PHANGS-JWST Team. Acknowledgement: J. Schmidt","Unless explicitly stated otherwise, all the images and videos on ESAWebb.org are available for use without prior permission and without charge. You must however include a credit — the credit required for each image or video is listed underneath each respective image/video caption. Each image or video has its own credit line that is required. ESA/Webb images, videos and web texts are released under the Creative Commons Attribution 4.0 International license and may on a non-exclusive basis be reproduced without fee provided they are clearly and visibly credited.",OBS,"ESA/Webb id potm2208a; Large JPEG (full size), fetched via esawebb.org/media/ because cdn.esawebb.org is blocked. licence_verbatim is from https://esawebb.org/copyright/ (the image page links there; no per-image exception found).",keep,"Webb MIRI heart of the Phantom Galaxy M74 (potm2208a). Beautiful spiral, but only 1977x1130: fine for HD, too small for 4K."
4,hl-tau,ALMA HL Tauri (eso1436a),https://www.eso.org/public/images/eso1436a/,,,,,,,SKIPPED: www.eso.org and cdn.eso.org blocked (proxy 403).,not fetched,Host blocked in the helper's environment; see notes.
4,moon-impact-sim-1,New Supercomputer Simulation Sheds Light on Moon’s Origin,https://images.nasa.gov/details/ARC-20221004-AAV3443-MoonOrigin-Social-NASAWeb-1080p,https://images-assets.nasa.gov/video/ARC-20221004-AAV3443-MoonOrigin-Social-NASAWeb-1080p/ARC-20221004-AAV3443-MoonOrigin-Social-NASAWeb-1080p~large.mp4,1920x1080,0.86,NASA / Durham University / Jacob Kegerreis,,SIM,"Still 1 of 4 at 22.19s of 110.97s. Video is ~large.mp4 (67.8 MB, 1920x1080); ~orig.mp4 is 474 MB, over the 300 MB cap. Described as 'A short music and text overlay video', so stills may carry text. licence_verbatim empty: no licence field in the NASA Image Library API, and the usage-guideline pages (images.nasa.gov, www.nasa.gov, www.jpl.nasa.gov) are blocked here. credit_verbatim is the API metadata field photographer.",alt,"NASA Ames/Durham 2022 Moon-formation simulation. Right content, but this is the social cut with captions burned into every frame. Find the caption-free version before using it."
4,moon-impact-sim-2,New Supercomputer Simulation Sheds Light on Moon’s Origin,https://images.nasa.gov/details/ARC-20221004-AAV3443-MoonOrigin-Social-NASAWeb-1080p,https://images-assets.nasa.gov/video/ARC-20221004-AAV3443-MoonOrigin-Social-NASAWeb-1080p/ARC-20221004-AAV3443-MoonOrigin-Social-NASAWeb-1080p~large.mp4,1920x1080,1.12,NASA / Durham University / Jacob Kegerreis,,SIM,"Still 2 of 4 at 44.39s of 110.97s. Video is ~large.mp4 (67.8 MB, 1920x1080); ~orig.mp4 is 474 MB, over the 300 MB cap. Described as 'A short music and text overlay video', so stills may carry text. licence_verbatim empty: no licence field in the NASA Image Library API, and the usage-guideline pages (images.nasa.gov, www.nasa.gov, www.jpl.nasa.gov) are blocked here. credit_verbatim is the API metadata field photographer.",alt,"NASA Ames/Durham 2022 Moon-formation simulation. Right content, but this is the social cut with captions burned into every frame. Find the caption-free version before using it."
4,moon-impact-sim-3,New Supercomputer Simulation Sheds Light on Moon’s Origin,https://images.nasa.gov/details/ARC-20221004-AAV3443-MoonOrigin-Social-NASAWeb-1080p,https://images-assets.nasa.gov/video/ARC-20221004-AAV3443-MoonOrigin-Social-NASAWeb-1080p/ARC-20221004-AAV3443-MoonOrigin-Social-NASAWeb-1080p~large.mp4,1920x1080,1.14,NASA / Durham University / Jacob Kegerreis,,SIM,"Still 3 of 4 at 66.58s of 110.97s. Video is ~large.mp4 (67.8 MB, 1920x1080); ~orig.mp4 is 474 MB, over the 300 MB cap. Described as 'A short music and text overlay video', so stills may carry text. licence_verbatim empty: no licence field in the NASA Image Library API, and the usage-guideline pages (images.nasa.gov, www.nasa.gov, www.jpl.nasa.gov) are blocked here. credit_verbatim is the API metadata field photographer.",alt,"NASA Ames/Durham 2022 Moon-formation simulation. Right content, but this is the social cut with captions burned into every frame. Find the caption-free version before using it."
4,moon-impact-sim-4,New Supercomputer Simulation Sheds Light on Moon’s Origin,https://images.nasa.gov/details/ARC-20221004-AAV3443-MoonOrigin-Social-NASAWeb-1080p,https://images-assets.nasa.gov/video/ARC-20221004-AAV3443-MoonOrigin-Social-NASAWeb-1080p/ARC-20221004-AAV3443-MoonOrigin-Social-NASAWeb-1080p~large.mp4,1920x1080,0.91,NASA / Durham University / Jacob Kegerreis,,SIM,"Still 4 of 4 at 88.77s of 110.97s. Video is ~large.mp4 (67.8 MB, 1920x1080); ~orig.mp4 is 474 MB, over the 300 MB cap. Described as 'A short music and text overlay video', so stills may carry text. licence_verbatim empty: no licence field in the NASA Image Library API, and the usage-guideline pages (images.nasa.gov, www.nasa.gov, www.jpl.nasa.gov) are blocked here. credit_verbatim is the API metadata field photographer.",alt,"NASA Ames/Durham 2022 Moon-formation simulation. Right content, but this is the social cut with captions burned into every frame. Find the caption-free version before using it."
4,pds70,ALMA/VLT PDS 70,https://www.eso.org/public/images/,,,,,,,"SKIPPED: www.eso.org blocked (proxy 403). esawebb.org has only an artist concept (weic2318a), not the ALMA/VLT image, so it was not taken.",not fetched,Host blocked in the helper's environment; see notes.
5,epic-earth,DSCOVR/EPIC natural-colour Earth,https://epic.gsfc.nasa.gov/api/natural,,,,,,,SKIPPED: epic.gsfc.nasa.gov blocked (proxy 403).,not fetched,Host blocked in the helper's environment; see notes.
5,shark-bay,"Living stromatolites, Hamelin Pool, Shark Bay",https://commons.wikimedia.org/,,,,,,,SKIPPED: commons.wikimedia.org and upload.wikimedia.org blocked (proxy 403).,not fetched,Host blocked in the helper's environment; see notes.
6,snowball-earth,Snowball Earth illustration,https://science.nasa.gov/,,,,,,,SKIPPED: science.nasa.gov pages load but their image files (assets.science.nasa.gov) are blocked; earthobservatory.nasa.gov and Wikimedia blocked; NASA Image Library search for 'Snowball Earth' returned only unrelated comet/moon images.,not fetched,Host blocked in the helper's environment; see notes.
